THEMENTOR;THEHACKERMANIFESTOUNAUTRESESTFAITPRENDREAUJOURDHUICESTPARTOUTDANSLESJOURNAUXSCANDALEUNADOLESCENTARRETEPOURCRIMEINFORMATIQUEARRESTATIONDUNHACKERAPRESLEPIRATAGEDUNEBANQUESATANESGOSSESTOUSLESMEMESMAISAVEZVOUSDANSVOTREPSYCHOLOGIEENTROISPIECEETVOTREPROFIL
TGEMENTOR;TIEHACKERMBNIFESTOUOAUTRESESUFAITPRENEREAUJOUREHUICESTPBRTOUTDANTLESJOURNBUXSCANDAMEUNADOLETCENTARREUEPOURCRINEINFORMAUIQUEARRETTATIONDUOHACKERAPSESLEPIRAUAGEDUNEBBNQUESATAOESGOSSESUOUSLESMENESMAISAVFZVOUSDANTVOTREPSYDHOLOGIEEOTROISPIEDEETVOTREQROFIL
GHRMENHORTHEMFNTOR;GHRHACWERMANIEESTOHNNUTRQSESTFAHTPREADEEAUVOURDHUHCESTCAETOUFDANSLERJOURAAHXSCMNDALEUMADOLRSPENTMRRETEPNURCRVMRINFARMATIQTEARRRSGATIANDUNHABKERACRRSLEBIRATAGDDUNEOAAQUEEATANESFOSSEFTBUSLQSMEMESLAISAIEMVOUEDANSVOSREPSLCUOLOSIEENTRNISPIRCRETVATREPROEIL
GHRMENHORTHEMFNTOE;GHRHACWERMANIEESTBHNNUTRQSESTFAHTPRRADEEAUVOURDHUHCESGCAETOUFDANSLERJOUEAAHXSCMNDALEUMADOYRSPENTMRRETEPNURCEVMRINFARMATIQTEARERSGATIANDUNHABKERNCRRSLEBIRATAGDDUNROAAQUEEATANESFOSSRFTBUSLQSMEMESLAISNIEMVOUEDANSVOSREPFLCUOLOSIEENTRNISPVRCRETVATREPROEIL
TOR;TARAQYKERMTABVASTOUGNNJNESESMSTYPPRENWEXQQJOURWUNYYESTPTEMEQTDANLYXIFOURNTHQIYANDAERNDWDOLELPXDPARREMRIEQRCRIFRBDBORMAMVJKAARRELGTJEONDUGUTSGERAPKRLBAPIRAMNZUZUNEBTAJKASATAGRLWKSSESMBNIHESMEFRLCWISAVXMOEQSDANLIHJNEPSYVUHBKGIEEGGKEESPIEVRXJROTREIEHVEL
TPR;TZRAPYKDRMSABUASSOUFNNINERESLSTXPPQENVEXPQJNURVUNXYERTPSEMDQTCANKYXHFOTRNSHQHYAMDADRNCWDNLEKPXCPAQRELRIDQRBRIERBCBOQMALVJJAAQREKGTIEOMDUFUTRGEQAPJRLAAPHRALNZTZUMEBSAJJASZTAFRLVKSRESLBNHHERMEERLBWIRAVWMODQSCANKIHINEOSYUUHAKGHEEFGKDESOIEURXIROSREHEHUEL
POR;XAREQYOERQTAFVAWTOYGNRJNISEWMSXYPTRERWEBQQNOUVWURYYISTTTEQEQXDARLYBIFSURRTHUIYENDEERRDWHOLILPBDPERRIMRMEQVCRMFRFDBSRMEMVNKAERRILGXJESNDYGUXSGIRATKRPBATIREMNDUZYNEFTANKAWATEGRPWKWSEWMBRIHISMIFRPCWMSAZXMSEQWDARLILJNIPSCVULBKKIEIGGOEEWPIIVRBJRSTRIIELVEP
TOE;TAEAQLKEEMTNBVNSTBUGANJAESRSMFTYCPRRNWRXQDJOHRWHNYLESGPTRMEDTDNNLLXISOUENTUQILANQAEENDJDOYELCXDCAREEMEIEDRCEIFEBDOORZAMIJKNAREELTTJRONQUGHTSTERNPKELBNPIEAMAZUMUNRBTNJKNSAGAGELWXSSRSMONIUESZEFELCJISNVXZOEDSDNNLVHJAEPFYVHHBXGIREGTKERSPVEVEXJEOTEEIRHVRL
PPR;XZREPYODRQSAFUAWSOYFNRINIREWLSXXPTQERVEBPQNNUVVURXYIRTTSEQDQXCARKYBHFSTRRSHUHYEMDEDRRCWHNLIKPBCPEQRILRMDQVBRMERFCBSQMELVNJAEQRIKGXIESMDYFUXRGIQATJRPAATHRELNDTZYMEFSANJAWZTEFRPVKWREWLBRHHIRMIERPBWMRAZWMSDQWCARKILINIOSCUULAKKHEIFGODEWOIIURBIRSSRIHELUEP
POE;XAEEQLOEEQTNFVNWTBYGARJAISRWMFXYCTRRRWRBQDNOHVWHRYLISGTTRQEDXDNRLLBISSUERTUUILENQEEERDJHOYILCBDCEREIMEMEDVCEMFEFDOSRZEMINKNEREILTXJRSNQYGHXSTIRNTKEPBNTIEEMADUMYNRFTNNKNWAGEGEPWXWSRWMORIUISZIFEPCJMSNZXZSEDWDNRLVLJAIPFCVHLBXKIRIGTOERWPVIVEBJESTEIIRLVRP
TPE;TZEAPLKDEMSNBUNSSBUFANIAERRSLFTXCPQRNVRXPDJNHRVHNXLERGPSRMDDTCNNKLXHSOTENSUQHLAMQADENCJDNYEKCXCCAQEELEIDDRBEIEEBCOOQZALIJJNAQEEKTTIROMQUFHTRTEQNPJELANPHEALAZTMUMRBSNJJNSZGAFELVXSRRSLONHUERZEEELBJIRNVWZODDSCNNKVHIAEOFYUHHAXGHREFTKDRSOVEUEXIEOSEEHRHURL
AGATORISQEPR;MIIAQYVASBSAUDRSTOFCOCINXAVSMSEUQEQEGEVXQQUKVGVUGGPESTAPFBDQMLRNLYIEGDTRGBYQIYLJEPDRGLNDOLPHQMCPTZIEMRTARGBRBNIBDBZNNPLVCSRARRPHHIIEHVUUGUEOHTQAISILBAAESPLNSCQUNEMPBYJALIKAGRWSLHRELUSNIHPONTEREKNISAGTNDDQLLRNLISFOTOSRDLHBKREFTFGDMVSPIPRSMIRHBIEIESRFA
PPE;XZEEPLODEQSNFUNWSBYFARIAIRRWLFXXCTQRRVRBPDNNHVVHRXLIRGTSRQDDXCNRKLBHSSTERSUUHLEMQEDERCJHNYIKCBCCEQEILEMDDVBEMEEFCOSQZELINJNEQEIKTXIRSMQYFHXRTIQNTJEPANTHEELADTMYMRFSNNJNWZGEFEPVXWRRWLORHUIRZIEEPBJMRNZWZSDDWCNRKVLIAIOFCUHLAXKHRIFTODRWOVIUEBIESSEIHRLURP
AGALORISQEPR;MIIIQYVASBSAUDRATOFCOCINXAVAMSEUQEQEGEVFQQUKVGVUGGPMSTAPFBDQMLRVLYIEGDTRGBYYIYLJEPDRGLNLOLPHQMCPTZIMMRTARGBRBNIJDBZNNPLVCSRIRRPHHIIEHVUCGUEOHTQAISITBAAESPLNSCQCNEMPBYJALIKIGRWSLHRELUSVIHPONTEREKNQSAGTNDDQLLRVLISFOTOSRDLPBKREFTFGDMVAPIPRSMIRHBIMIESRFA
